SOC,Temp,T=10.00,T=11.00,T=12.00,T=13.00,T=14.00,T=15.00,T=16.00,T=17.00,T=18.00,T=19.00,T=20.00,T=21.00,T=22.00,T=23.00,T=24.00,T=25.00,T=26.00,T=27.00,T=28.00,T=29.00,T=30.00,T=31.00,T=32.00,T=33.00,T=34.00,T=35.00,T=36.00,T=37.00,T=38.00,T=39.00,T=40.00,T=41.00,T=42.00,T=43.00,T=44.00,T=45.00,T=46.00,T=47.00,T=48.00,T=49.00,T=50.00
0.0,10.0,0.000226677043152,0.0002336674737029,0.0002408734802053,0.0002483017107465,0.0002559590184319,0.0002638524677081,0.0002719893408804,0.0002803771448307,0.0002890236179438,0.0002979367372465,0.0003071247257667,0.00031659606012,0.0003263594783302,0.0003364239878904,0.0003467988740734,0.0003574937084978,0.0003685183579588,0.0003798829935311,0.0003915980999521,0.0004036744852953,0.0004161232909413,0.0004289560018567,0.0004421844571896,0.0004558208611928,0.000469877794482,0.0004843682256436,0.0004993055231984,0.0005147034679353,0.0005305762656251,0.0005469385601266,0.0005638054468964,0.0005811924869156,0.0005991157210463,0.0006175916848301,0.0006366374237437,0.0006562705089246,0.0006765090533816,0.0006973717287056,0.0007188777822955,0.0007410470551156,0.0007639
0.01,11.0,0.0002311636996417,0.0002382924929494,0.0002456411291394,0.0002532163878855,0.000261025257938,0.0002690749435711,0.00027737287123,0.0002859266963817,0.0002947443105781,0.0003038338487365,0.0003132036966445,0.0003228624986971,0.0003328191658709,0.0003430828839461,0.0003536631219801,0.0003645696410445,0.0003758125032296,0.0003874020809276,0.0003993490664023,0.000411664481653,0.0004243596885837,0.0004374463994847,0.0004509366878386,0.0004648429994585,0.0004791781639709,0.0004939554066513,0.0005091883606258,0.0005248910794488,0.0005410780500685,0.0005577642061917,0.0005749649420621,0.0005926961266619,0.0006109741183525,0.0006298157799664,0.0006492384943642,0.0006692601804718,0.0006898993098119,0.0007111749235452,0.0007331066500378,0.0007557147229692,0.00077902
0.02,12.0,0.0002356503561314,0.0002429175121958,0.0002504087780734,0.0002581310650245,0.000266091497444,0.0002742974194341,0.0002827564015797,0.0002914762479328,0.0003004650032124,0.0003097309602264,0.0003192826675224,0.0003291289372742,0.0003392788534117,0.0003497417800017,0.0003605273698869,0.0003716455735913,0.0003831066485004,0.0003949211683241,0.0004071000328524,0.0004196544780108,0.0004325960862261,0.0004459367971128,0.0004596889184875,0.0004738651377243,0.0004884785334598,0.0005035425876589,0.0005190711980531,0.0005350786909624,0.0005515798345118,0.0005685898522568,0.0005861244372278,0.0006041997664081,0.0006228325156587,0.0006420398751027,0.0006618395649847,0.0006822498520191,0.0007032895662422,0.0007249781183849,0.00074733551778,0.0007703823908228,0.00079414
0.03,13.0,0.000240137012621,0.0002475425314423,0.0002551764270074,0.0002630457421635,0.0002711577369501,0.0002795198952971,0.0002881399319294,0.0002970257994838,0.0003061856958466,0.0003156280717163,0.0003253616384003,0.0003353953758512,0.0003457385409524,0.0003564006760573,0.0003673916177937,0.0003787215061381,0.0003904007937711,0.0004024402557206,0.0004148509993026,0.0004276444743685,0.0004408324838685,0.0004544271947408,0.0004684411491364,0.0004828872759901,0.0004977789029487,0.0005131297686665,0.0005289540354805,0.0005452663024759,0.0005620816189551,0.0005794154983219,0.0005972839323935,0.0006157034061544,0.0006346909129649,0.000654263970239,0.0006744406356052,0.0006952395235663,0.0007166798226726,0.0007387813132246,0.0007615643855223,0.0007850500586763,0.00080926
0.04,14.0,0.0002446236691107,0.0002521675506888,0.0002599440759415,0.0002679604193025,0.0002762239764562,0.0002847423711601,0.000293523462279,0.0003025753510348,0.0003119063884809,0.0003215251832063,0.0003314406092781,0.0003416618144283,0.0003521982284931,0.000363059572113,0.0003742558657005,0.0003857974386849,0.0003976949390419,0.0004099593431171,0.0004226019657528,0.0004356344707262,0.0004490688815109,0.0004629175923689,0.0004771933797853,0.0004919094142559,0.0005070792724376,0.0005227169496742,0.0005388368729079,0.0005554539139894,0.0005725834033984,0.000590241144387,0.0006084434275592,0.0006272070459006,0.0006465493102711,0.0006664880653753,0.0006870417062257,0.0007082291951136,0.0007300700791029,0.0007525845080643,0.0007757932532646,0.0007997177265299,0.00082438
0.05,15.0,0.0002491103256004,0.0002567925699353,0.0002647117248755,0.0002728750964415,0.0002812902159623,0.0002899648470231,0.0002989069926287,0.0003081249025859,0.0003176270811151,0.0003274222946962,0.000337519580156,0.0003479282530053,0.0003586579160338,0.0003697184681686,0.0003811201136073,0.0003928733712317,0.0004049890843127,0.0004174784305136,0.0004303529322029,0.0004436244670839,0.0004573052791533,0.000471407989997,0.0004859456104342,0.0005009315525217,0.0005163796419265,0.0005323041306818,0.0005487197103352,0.0005656415255029,0.0005830851878418,0.0006010667904521,0.0006196029227249,0.0006387106856469,0.0006584077075774,0.0006787121605117,0.0006996427768462,0.0007212188666608,0.0007434603355332,0.0007663877029039,0.0007900221210068,0.0008143853943835,0.0008395
0.06,16.0,0.00025359698209,0.0002614175891818,0.0002694793738095,0.0002777897735805,0.0002863564554683,0.0002951873228861,0.0003042905229784,0.0003136744541369,0.0003233477737494,0.0003333194061862,0.0003435985510338,0.0003541946915824,0.0003651176035745,0.0003763773642243,0.0003879843615141,0.0003999493037785,0.0004122832295834,0.0004249975179101,0.0004381038986531,0.0004516144634417,0.0004655416767957,0.000479898387625,0.0004946978410832,0.0005099536907875,0.0005256800114154,0.0005418913116895,0.0005586025477626,0.0005758291370165,0.0005935869722851,0.0006118924365171,0.0006307624178906,0.0006502143253931,0.0006702661048836,0.000690936255648,0.0007122438474668,0.0007342085382081,0.0007568505919635,0.0007801908977436,0.0008042509887491,0.0008290530622371,0.00085462
0.07,17.0,0.0002580836385797,0.0002660426084283,0.0002742470227435,0.0002827044507195,0.0002914226949744,0.0003004097987491,0.000309674053328,0.000319224005688,0.0003290684663837,0.0003392165176761,0.0003496775219117,0.0003604611301595,0.0003715772911153,0.0003830362602799,0.0003948486094208,0.0004070252363252,0.0004195773748542,0.0004325166053066,0.0004458548651032,0.0004596044597994,0.0004737780744381,0.0004883887852531,0.0005034500717321,0.0005189758290533,0.0005349803809043,0.0005514784926971,0.00056848538519,0.00058601674853,0.0006040887567284,0.0006227180825822,0.0006419219130563,0.0006617179651394,0.0006821245021898,0.0007031603507843,0.0007248449180873,0.0007471982097553,0.0007702408483939,0.0007939940925833,0.0008184798564913,0.0008437207300907,0.00086974
0.08,18.0,0.0002625702950694,0.0002706676276747,0.0002790146716776,0.0002876191278585,0.0002964889344805,0.0003056322746122,0.0003150575836777,0.000324773557239,0.0003347891590179,0.0003451136291661,0.0003557564927895,0.0003667275687365,0.000378036978656,0.0003896951563355,0.0004017128573276,0.000414101168872,0.0004268715201249,0.0004400356927032,0.0004536058315534,0.0004675944561571,0.0004820144720806,0.0004968791828811,0.000512202302381,0.0005279979673191,0.0005442807503932,0.0005610656737047,0.0005783682226173,0.0005962043600435,0.0006145905411717,0.0006335437286473,0.000653081408222,0.0006732216048857,0.000693982899496,0.0007153844459206,0.0007374459887078,0.0007601878813025,0.0007836311048242,0.000807797287423,0.0008327087242336,0.0008583883979442,0.00088486
0.09,19.0,0.0002670569515591,0.0002752926469212,0.0002837823206116,0.0002925338049975,0.0003015551739866,0.0003108547504752,0.0003204411140274,0.00033032310879,0.0003405098516522,0.000351010740656,0.0003618354636674,0.0003729940073136,0.0003844966661967,0.0003963540523912,0.0004085771052344,0.0004211771014188,0.0004341656653957,0.0004475547800997,0.0004613567980036,0.0004755844525148,0.000490250869723,0.0005053695805092,0.0005209545330299,0.0005370201055848,0.0005535811198821,0.0005706528547124,0.0005882510600447,0.000606391971557,0.000625092325615,0.0006443693747124,0.0006642409033877,0.0006847252446319,0.0007058412968022,0.0007276085410569,0.0007500470593283,0.0007731775528498,0.0007970213612545,0.0008216004822627,0.0008469375919758,0.0008730560657978,0.00089998
0.1,20.0,0.0002715436080487,0.0002799176661677,0.0002885499695456,0.0002974484821366,0.0003066214134926,0.0003160772263382,0.000325824644377,0.0003358726603411,0.0003462305442864,0.000356907852146,0.0003679144345452,0.0003792604458906,0.0003909563537374,0.0004030129484468,0.0004154413531412,0.0004282530339656,0.0004414598106665,0.0004550738674962,0.0004691077644537,0.0004835744488726,0.0004984872673654,0.0005138599781372,0.0005297067636788,0.0005460422438506,0.000562881489371,0.00058024003572,0.000598133897472,0.0006165795830706,0.0006355941100584,0.0006551950207775,0.0006754003985533,0.0006962288843782,0.0007176996941085,0.0007398326361932,0.0007626481299488,0.000786167224397,0.0008104116176849,0.0008354036771023,0.0008611664597181,0.0008877237336514,0.0009151
0.11,21.0,0.0002782120199511,0.0002867917233778,0.0002956360139021,0.0003047530510523,0.000314151245986,0.0003238392692503,0.0003338260587807,0.0003441208281474,0.0003547330750552,0.0003656725901061,0.0003769494658318,0.0003885741060046,0.000400557235236,0.0004129099088708,0.0004256435231865,0.0004387698259072,0.000452300927042,0.0004662493100569,0.0004806278433923,0.0004954497923348,0.0005107288312555,0.0005264790562256,0.0005427149980213,0.0005594516355291,0.0005767044095654,0.0005944892371217,0.0006128225260492,0.0006317211901961,0.0006512026650122,0.0006712849236344,0.0006919864934681,0.0007133264732801,0.000735324550819,0.0007580010209783,0.0007813768045202,0.0008054734673762,0.000830313240544,0.0008559190405967,0.0008823144908251,0.0009095239430323,0.0009375725
0.12,22.0,0.0002848804318535,0.0002936657805879,0.0003027220582586,0.0003120576199681,0.0003216810784794,0.0003316013121624,0.0003418274731843,0.0003523689959536,0.0003632356058239,0.0003744373280663,0.0003859844971183,0.0003978877661185,0.0004101581167346,0.0004228068692948,0.0004358456932318,0.0004492866178489,0.0004631420434174,0.0004774247526176,0.0004921479223309,0.000507325135797,0.0005229703951456,0.000539098134314,0.0005557232323637,0.0005728610272075,0.0005905273297598,0.0006087384385234,0.0006275111546263,0.0006468627973216,0.0006668112199661,0.0006873748264914,0.0007085725883829,0.0007304240621821,0.0007529494075296,0.0007761694057635,0.0008001054790916,0.0008247797103554,0.0008502148634032,0.000876434404091,0.0009034625219321,0.0009313241524132,0.000960045
0.13,23.0,0.0002915488437559,0.000300539837798,0.0003098081026151,0.0003193621888838,0.0003292109109728,0.0003393633550745,0.0003498288875879,0.0003606171637599,0.0003717381365927,0.0003832020660265,0.0003950195284049,0.0004072014262325,0.0004197589982332,0.0004327038297187,0.0004460478632771,0.0004598034097905,0.0004739831597929,0.0004886001951783,0.0005036680012694,0.0005192004792593,0.0005352119590358,0.0005517172124024,0.0005687314667062,0.0005862704188859,0.0006043502499542,0.0006229876399252,0.0006421997832035,0.0006620044044471,0.00068241977492,0.0007034647293484,0.0007251586832976,0.0007475216510841,0.0007705742642402,0.0007943377905486,0.0008188341536629,0.0008440859533346,0.0008701164862624,0.0008969497675854,0.0009246105530391,0.0009531243617942,0.0009825175
0.14,24.0,0.0002982172556583,0.0003074138950081,0.0003168941469716,0.0003266667577996,0.0003367407434662,0.0003471253979867,0.0003578303019916,0.0003688653315662,0.0003802406673614,0.0003919668039866,0.0004040545596914,0.0004165150863465,0.0004293598797318,0.0004426007901427,0.0004562500333224,0.0004703202017321,0.0004848242761684,0.000499775637739,0.000515188080208,0.0005310758227215,0.0005474535229259,0.0005643362904908,0.0005817397010486,0.0005996798105644,0.0006181731701486,0.0006372368413269,0.0006568884117806,0.0006771460115726,0.0006980283298738,0.0007195546322054,0.0007417447782124,0.000764619239986,0.0007881991209508,0.0008125061753337,0.0008375628282343,0.0008633921963138,0.0008900181091215,0.0009174651310797,0.0009457585841461,0.0009749245711751,0.00100499
0.15,25.0,0.0003048856675607,0.0003142879522182,0.000323980191328,0.0003339713267154,0.0003442705759596,0.0003548874408988,0.0003658317163952,0.0003771134993724,0.0003887431981302,0.0004007315419468,0.000413089590978,0.0004258287464604,0.0004389607612304,0.0004524977505667,0.0004664522033677,0.0004808369936738,0.0004956653925439,0.0005109510802997,0.0005267081591466,0.0005429511661837,0.0005596950868161,0.0005769553685792,0.0005947479353911,0.0006130892022428,0.000631996090343,0.0006514860427286,0.0006715770403577,0.0006922876186981,0.0007136368848277,0.0007356445350624,0.0007583308731271,0.000781716828888,0.0008058239776614,0.0008306745601188,0.0008562915028057,0.000882698439293,0.0009099197319807,0.0009379804945741,0.0009669066152531,0.000996724780556,0.0010274625
0.16,26.0,0.0003115540794631,0.0003211620094283,0.0003310662356845,0.0003412758956311,0.0003518004084531,0.0003626494838109,0.0003738331307988,0.0003853616671787,0.0003972457288989,0.000409496279907,0.0004221246222645,0.0004351424065744,0.000448561642729,0.0004623947109906,0.0004766543734131,0.0004913537856154,0.0005065065089194,0.0005221265228604,0.0005382282380852,0.000554826509646,0.0005719366507062,0.0005895744466676,0.0006077561697335,0.0006264985939212,0.0006458190105374,0.0006657352441303,0.0006862656689349,0.0007074292258236,0.0007292454397816,0.0007517344379193,0.0007749169680419,0.00079881441779,0.0008234488343719,0.0008488429449039,0.0008750201773771,0.0009020046822722,0.0009298213548399,0.0009584958580685,0.0009880546463601,0.0010185249899369,0.001049935
0.17,27.0,0.0003182224913655,0.0003280360666383,0.000338152280041,0.0003485804645469,0.0003593302409465,0.000370411526723,0.0003818345452025,0.000393609834985,0.0004057482596677,0.0004182610178671,0.0004311596535511,0.0004444560666883,0.0004581625242276,0.0004722916714146,0.0004868565434584,0.0005018705775571,0.0005173476252949,0.0005333019654212,0.0005497483170237,0.0005667018531082,0.0005841782145964,0.000602193524756,0.000620764404076,0.0006399079855997,0.0006596419307318,0.0006799844455321,0.000700954297512,0.0007225708329491,0.0007448539947355,0.0007678243407763,0.0007915030629566,0.0008159120066919,0.0008410736910825,0.000867011329689,0.0008937488519485,0.0009213109252514,0.000949722977699,0.0009790112215628,0.0010092026774671,0.0010403251993179,0.0010724075
0.18,28.0,0.0003248909032678,0.0003349101238484,0.0003452383243975,0.0003558850334627,0.0003668600734399,0.0003781735696352,0.0003898359596061,0.0004018580027912,0.0004142507904364,0.0004270257558273,0.0004401946848376,0.0004537697268023,0.0004677634057262,0.0004821886318386,0.0004970587135037,0.0005123873694987,0.0005281887416703,0.0005444774079819,0.0005612683959623,0.0005785771965704,0.0005964197784865,0.0006148126028444,0.0006337726384184,0.0006533173772781,0.0006734648509262,0.0006942336469338,0.0007156429260892,0.0007377124400746,0.0007604625496893,0.0007839142436333,0.0008080891578714,0.0008330095955939,0.0008586985477931,0.0008851797144741,0.0009124775265199,0.0009406171682306,0.0009696246005582,0.0009995265850572,0.0010303507085741,0.0010621254086988,0.00109488
0.19,29.0,0.0003315593151702,0.0003417841810585,0.000352324368754,0.0003631896023784,0.0003743899059333,0.0003859356125473,0.0003978373740097,0.0004101061705975,0.0004227533212051,0.0004357904937875,0.0004492297161242,0.0004630833869162,0.0004773642872248,0.0004920855922625,0.000507260883549,0.0005229041614403,0.0005390298580458,0.0005556528505426,0.0005727884749009,0.0005904525400327,0.0006086613423766,0.0006274316809328,0.0006467808727609,0.0006667267689565,0.0006872877711206,0.0007084828483355,0.0007303315546663,0.0007528540472002,0.0007760711046432,0.0008000041464903,0.0008246752527861,0.0008501071844959,0.0008763234045037,0.0009033480992592,0.0009312062010913,0.0009599234112098,0.0009895262234174,0.0010200419485515,0.0010514987396811,0.0010839256180797,0.0011173525
0.2,30.0,0.0003382277270726,0.0003486582382686,0.0003594104131104,0.0003704941712942,0.0003819197384267,0.0003936976554594,0.0004058387884134,0.0004183543384038,0.0004312558519739,0.0004445552317476,0.0004582647474107,0.0004723970470302,0.0004869651687234,0.0005019825526865,0.0005174630535943,0.000533420953382,0.0005498709744213,0.0005668282931033,0.0005843085538394,0.0006023278834949,0.0006209029062668,0.0006400507590212,0.0006597891071033,0.000680136160635,0.0007011106913149,0.0007227320497372,0.0007450201832434,0.0007679956543257,0.0007916796595971,0.0008160940493473,0.0008412613477009,0.0008672047733978,0.0008939482612143,0.0009215164840443,0.0009499348756626,0.000979229654189,0.0010094278462766,0.0010405573120459,0.0010726467707881,0.0011057258274606,0.001139825
0.21,31.0,0.000344896138975,0.0003555322954787,0.0003664964574669,0.0003777987402099,0.0003894495709201,0.0004014596983715,0.000413840202817,0.00042660250621,0.0004397583827426,0.0004533199697078,0.0004672997786973,0.0004817107071441,0.000496566050222,0.0005118795131105,0.0005276652236396,0.0005439377453236,0.0005607120907968,0.000578003735664,0.000595828632778,0.0006142032269571,0.0006331444701569,0.0006526698371096,0.0006727973414457,0.0006935455523134,0.0007149336115093,0.000736981251139,0.0007597088118206,0.0007831372614512,0.0008072882145509,0.0008321839522042,0.0008578474426156,0.0008843023622998,0.0009115731179249,0.0009396848688294,0.000968663550234,0.0009985358971682,0.0010293294691357,0.0010610726755402,0.0010937948018951,0.0011275260368416,0.0011622975
0.22,32.0,0.0003515645508774,0.0003624063526888,0.0003735825018234,0.0003851033091257,0.0003969794034135,0.0004092217412837,0.0004218416172206,0.0004348506740163,0.0004482609135114,0.000462084707668,0.0004763348099838,0.0004910243672581,0.0005061669317206,0.0005217764735344,0.0005378673936849,0.0005544545372652,0.0005715532071723,0.0005891791782247,0.0006073487117166,0.0006260785704194,0.0006453860340471,0.000665288915198,0.0006858055757882,0.0007069549439918,0.0007287565317037,0.0007512304525407,0.0007743974403977,0.0007982788685767,0.0008228967695048,0.0008482738550612,0.0008744335375304,0.0009013999512018,0.0009291979746354,0.0009578532536145,0.0009873922248054,0.0010178421401474,0.0010492310919949,0.0010815880390346,0.0011149428330021,0.0011493262462225,0.00118477
0.23,33.0,0.0003582329627798,0.0003692804098989,0.0003806685461799,0.0003924078780415,0.0004045092359069,0.0004169837841958,0.0004298430316243,0.0004430988418226,0.0004567634442801,0.0004708494456282,0.0004853698412703,0.000500338027372,0.0005157678132191,0.0005316734339584,0.0005480695637302,0.0005649713292069,0.0005823943235477,0.0006003546207854,0.0006188687906552,0.0006379539138816,0.0006576275979372,0.0006779079932864,0.0006988138101306,0.0007203643356703,0.0007425794518981,0.0007654796539424,0.0007890860689749,0.0008134204757022,0.0008385053244587,0.0008643637579182,0.0008910196324451,0.0009184975401037,0.000946822831346,0.0009760216383997,0.0010061208993768,0.0010371483831266,0.0010691327148541,0.0011021034025289,0.0011360908641091,0.0011711264556034,0.0012072425
0.24,34.0,0.0003649013746822,0.000376154467109,0.0003877545905364,0.0003997124469572,0.0004120390684003,0.0004247458271079,0.0004378444460279,0.0004513470096289,0.0004652659750489,0.0004796141835883,0.0004944048725569,0.000509651687486,0.0005253686947177,0.0005415703943824,0.0005582717337756,0.0005754881211485,0.0005932354399232,0.0006115300633461,0.0006303888695937,0.0006498292573438,0.0006698691618274,0.0006905270713748,0.0007118220444731,0.0007337737273487,0.0007564023720925,0.0007797288553441,0.000803774697552,0.0008285620828277,0.0008541138794126,0.0008804536607752,0.0009076057273599,0.0009355951290057,0.0009644476880566,0.0009941900231848,0.0010248495739482,0.0010564546261058,0.0010890343377132,0.0011226187660233,0.0011572388952161,0.0011929266649843,0.001229715
0.25,35.0,0.0003715697865846,0.0003830285243191,0.0003948406348928,0.000407017015873,0.0004195689008937,0.00043250787002,0.0004458458604315,0.0004595951774351,0.0004737685058176,0.0004883789215485,0.0005034399038434,0.0005189653475999,0.0005349695762163,0.0005514673548063,0.0005684739038209,0.0005860049130902,0.0006040765562987,0.0006227055059069,0.0006419089485323,0.0006617046008061,0.0006821107257175,0.0007031461494632,0.0007248302788155,0.0007471831190271,0.0007702252922869,0.0007939780567459,0.0008184633261291,0.0008437036899532,0.0008697224343664,0.0008965435636322,0.0009241918222747,0.0009526927179077,0.0009820725447672,0.0010123584079699,0.0010435782485196,0.001075760869085,0.0011089359605724,0.0011431341295176,0.0011783869263231,0.0012147268743652,0.0012521875
0.26,36.0,0.000378238198487,0.0003899025815292,0.0004019266792493,0.0004143215847888,0.0004270987333871,0.0004402699129322,0.0004538472748352,0.0004678433452414,0.0004822710365864,0.0004971436595087,0.00051247493513,0.0005282790077139,0.0005445704577149,0.0005613643152303,0.0005786760738662,0.0005965217050318,0.0006149176726742,0.0006338809484676,0.0006534290274709,0.0006735799442683,0.0006943522896076,0.0007157652275516,0.000737838513158,0.0007605925107056,0.0007840482124813,0.0008082272581476,0.0008331519547063,0.0008588452970787,0.0008853309893203,0.0009126334664891,0.0009407779171894,0.0009697903068096,0.0009996974014778,0.001030526792755,0.001062306923091,0.0010950671120642,0.0011288375834316,0.001163649493012,0.0011995349574301,0.0012365270837462,0.00127466
0.27,37.0,0.0003849066103893,0.0003967766387393,0.0004090127236058,0.0004216261537045,0.0004346285658805,0.0004480319558443,0.0004618486892388,0.0004760915130477,0.0004907735673551,0.0005059083974688,0.0005215099664165,0.0005375926678278,0.0005541713392135,0.0005712612756543,0.0005888782439115,0.0006070384969734,0.0006257587890497,0.0006450563910283,0.0006649491064094,0.0006854552877305,0.0007065938534978,0.00072838430564,0.0007508467475004,0.000774001902384,0.0007978711326757,0.0008224764595493,0.0008478405832834,0.0008739869042042,0.0009009395442742,0.0009287233693461,0.0009573640121042,0.0009868878957116,0.0010173222581884,0.0010486951775401,0.0010810355976623,0.0011143733550434,0.0011487392062907,0.0011841648565064,0.0012206829885371,0.0012583272931271,0.0012971325
0.28,38.0,0.0003915750222917,0.0004036506959494,0.0004160987679623,0.0004289307226203,0.0004421583983739,0.0004557939987564,0.0004698501036424,0.0004843396808539,0.0004992760981238,0.000514673135429,0.0005305449977031,0.0005469063279418,0.0005637722207121,0.0005811582360782,0.0005990804139568,0.0006175552889151,0.0006365999054252,0.000656231833589,0.000676469185348,0.0006973306311928,0.0007188354173879,0.0007410033837284,0.0007638549818429,0.0007874112940624,0.0008116940528701,0.000836725660951,0.0008625292118606,0.0008891285113298,0.000916548099228,0.0009448132722031,0.0009739501070189,0.0010039854846136,0.0010349471148989,0.0010668635623252,0.0010997642722337,0.0011336795980226,0.0011686408291499,0.0012046802200007,0.0012418310196441,0.001280127502508,0.001319605
0.29,39.0,0.0003982434341941,0.0004105247531594,0.0004231848123188,0.000436235291536,0.0004496882308673,0.0004635560416685,0.0004778515180461,0.0004925878486602,0.0005077786288926,0.0005234378733892,0.0005395800289896,0.0005562199880557,0.0005733731022107,0.0005910551965022,0.0006092825840021,0.0006280720808567,0.0006474410218006,0.0006674072761497,0.0006879892642866,0.000709205974655,0.0007310769812781,0.0007536224618167,0.0007768632161853,0.0008008206857409,0.0008255169730645,0.0008509748623528,0.0008772178404377,0.0009042701184553,0.0009321566541819,0.0009609031750601,0.0009905362019337,0.0010210830735155,0.0010525719716095,0.0010850319471103,0.0011184929468051,0.0011529858410018,0.0011885424520091,0.0012251955834951,0.0012629790507511,0.0013019277118889,0.0013420775
0.3,40.0,0.0004049118460965,0.0004173988103695,0.0004302708566753,0.0004435398604518,0.0004572180633607,0.0004713180845807,0.0004858529324497,0.0005008360164665,0.0005162811596613,0.0005322026113493,0.0005486150602762,0.0005655336481697,0.0005829739837093,0.0006009521569262,0.0006194847540474,0.0006385888727983,0.0006582821381761,0.0006785827187104,0.0006995093432252,0.0007210813181172,0.0007433185451682,0.0007662415399051,0.0007898714505278,0.0008142300774193,0.0008393398932589,0.0008652240637545,0.0008919064690148,0.0009194117255808,0.0009477652091358,0.0009769930779171,0.0010071222968484,0.0010381806624175,0.0010701968283201,0.0011032003318954,0.0011372216213765,0.001172292083981,0.0012084440748682,0.0012457109469894,0.0012841270818581,0.0013237279212699,0.00136455
0.31,41.0,0.0004115802579989,0.0004242728675796,0.0004373569010317,0.0004508444293676,0.0004647478958541,0.0004790801274928,0.0004938543468533,0.0005090841842727,0.0005247836904301,0.0005409673493095,0.0005576500915627,0.0005748473082837,0.0005925748652079,0.0006108491173501,0.0006296869240928,0.00064910566474,0.0006691232545516,0.0006897581612711,0.0007110294221637,0.0007329566615795,0.0007555601090584,0.0007788606179935,0.0008028796848702,0.0008276394690977,0.0008531628134533,0.0008794732651562,0.000906595097592,0.0009345533327063,0.0009633737640897,0.000993082980774,0.0010237083917632,0.0010552782513195,0.0010878216850307,0.0011213687166805,0.0011559502959479,0.0011915983269602,0.0012283456977274,0.0012662263104838,0.0013052751129651,0.0013455281306508,0.0013870225
0.32,42.0,0.0004182486699013,0.0004311469247897,0.0004444429453882,0.0004581489982833,0.0004722777283475,0.0004868421704049,0.000501855761257,0.000517332352079,0.0005332862211988,0.0005497320872697,0.0005666851228493,0.0005841609683976,0.0006021757467065,0.0006207460777741,0.0006398890941381,0.0006596224566816,0.0006799643709271,0.0007009336038319,0.0007225495011023,0.0007448320050417,0.0007678016729485,0.0007914796960819,0.0008158879192127,0.0008410488607762,0.0008669857336477,0.0008937224665579,0.0009212837261691,0.0009496949398318,0.0009789823190435,0.001009172883631,0.0010402944866779,0.0010723758402214,0.0011054465417413,0.0011395371014656,0.0011746789705193,0.0012109045699394,0.0012482473205866,0.0012867416739781,0.0013264231440721,0.0013673283400317,0.001409495
0.33,43.0,0.0004249170818037,0.0004380209819998,0.0004515289897447,0.0004654535671991,0.0004798075608409,0.000494604213317,0.0005098571756606,0.0005255805198853,0.0005417887519676,0.0005584968252298,0.0005757201541358,0.0005934746285116,0.0006117766282051,0.0006306430381981,0.0006500912641834,0.0006701392486233,0.0006908054873026,0.0007121090463926,0.0007340695800409,0.0007567073485039,0.0007800432368386,0.0008040987741703,0.0008288961535551,0.0008544582524546,0.0008808086538421,0.0009079716679597,0.0009359723547463,0.0009648365469573,0.0009945908739974,0.001025262786488,0.0010568805815927,0.0010894734291234,0.0011230713984518,0.0011577054862508,0.0011934076450907,0.0012302108129186,0.0012681489434457,0.0013072570374725,0.0013475711751791,0.0013891285494126,0.0014319675
0.34,44.0,0.0004315854937061,0.0004448950392099,0.0004586150341012,0.0004727581361149,0.0004873373933343,0.0005023662562292,0.0005178585900642,0.0005338286876915,0.0005502912827363,0.00056726156319,0.0005847551854224,0.0006027882886255,0.0006213775097037,0.000640539998622,0.0006602934342287,0.0006806560405649,0.000701646603678,0.0007232844889533,0.0007455896589794,0.0007685826919662,0.0007922848007288,0.0008167178522587,0.0008419043878976,0.000867867644133,0.0008946315740365,0.0009222208693614,0.0009506609833234,0.0009799781540828,0.0010101994289513,0.001041352689345,0.0010734666765074,0.0011065710180254,0.0011406962551624,0.0011758738710359,0.001212136319662,0.0012495170558978,0.0012880505663049,0.0013277724009668,0.0013687192062861,0.0014109287587935,0.00145444
0.35,45.0,0.0004382539056085,0.00045176909642,0.0004657010784577,0.0004800627050306,0.0004948672258277,0.0005101282991413,0.0005258600044679,0.0005420768554978,0.0005587938135051,0.0005760263011502,0.0005937902167089,0.0006121019487395,0.0006309783912023,0.000650436959046,0.000670495604274,0.0006911728325065,0.0007124877200535,0.000734459931514,0.000757109737918,0.0007804580354284,0.0008045263646189,0.0008293369303471,0.00085491262224,0.0008812770358115,0.0009084544942309,0.0009364700707631,0.0009653496119005,0.0009951197612083,0.0010258079839051,0.001057442592202,0.0010900527714222,0.0011236686069273,0.001158321111873,0.001194042255821,0.0012308649942334,0.001268823298877,0.0013079521891641,0.0013482877644612,0.0013898672373931,0.0014327289681745,0.0014769125
0.36,46.0,0.0004449223175108,0.0004586431536301,0.0004727871228141,0.0004873672739464,0.0005023970583211,0.0005178903420534,0.0005338614188715,0.0005503250233041,0.0005672963442738,0.0005847910391104,0.0006028252479955,0.0006214156088534,0.0006405792727009,0.00066033391947,0.0006806977743193,0.0007016896244482,0.000723328836429,0.0007456353740747,0.0007686298168566,0.0007923333788906,0.0008167679285091,0.0008419560084355,0.0008679208565825,0.0008946864274899,0.0009222774144253,0.0009507192721648,0.0009800382404777,0.0010102613683338,0.001041416538859,0.001073532495059,0.001106638866337,0.0011407661958293,0.0011759459685836,0.0012122106406061,0.0012495936688048,0.0012881295418562,0.0013278538120232,0.0013688031279555,0.0014110152685001,0.0014545291775554,0.001499385
0.37,47.0,0.0004515907294132,0.0004655172108402,0.0004798731671706,0.0004946718428622,0.0005099268908145,0.0005256523849655,0.0005418628332751,0.0005585731911103,0.0005757988750425,0.0005935557770705,0.000611860279282,0.0006307292689674,0.0006501801541995,0.0006702308798939,0.0006908999443646,0.0007122064163898,0.0007341699528045,0.0007568108166354,0.0007801498957952,0.0008042087223529,0.0008290094923992,0.0008545750865239,0.0008809290909249,0.0009080958191683,0.0009361003346197,0.0009649684735666,0.0009947268690548,0.0010254029754593,0.0010570250938129,0.0010896223979159,0.0011232249612517,0.0011578637847313,0.0011935708252942,0.0012303790253912,0.0012683223433762,0.0013074357848354,0.0013477554348824,0.0013893184914499,0.0014321632996071,0.0014763293869363,0.0015218575
0.38,48.0,0.0004582591413156,0.0004723912680503,0.0004869592115271,0.0005019764117779,0.0005174567233079,0.0005334144278777,0.0005498642476788,0.0005668213589166,0.0005843014058113,0.0006023205150307,0.0006208953105686,0.0006400429290813,0.0006597810356981,0.0006801278403179,0.0007011021144099,0.0007227232083314,0.00074501106918,0.0007679862591961,0.0007916699747337,0.0008160840658151,0.0008412510562893,0.0008671941646123,0.0008939373252673,0.0009215052108468,0.0009499232548141,0.0009792176749683,0.001009415497632,0.0010405445825849,0.0010726336487668,0.0011057123007729,0.0011398110561665,0.0011749613736332,0.0012111956820048,0.0012485474101763,0.0012870510179476,0.0013267420278146,0.0013676570577416,0.0014098338549442,0.0014533113307141,0.0014981295963172,0.00154433
0.39,49.0,0.000464927553218,0.0004792653252604,0.0004940452558836,0.0005092809806937,0.0005249865558013,0.0005411764707898,0.0005578656620824,0.0005750695267229,0.00059280393658,0.0006110852529909,0.0006299303418551,0.0006493565891953,0.0006693819171967,0.0006900248007419,0.0007113042844553,0.0007332400002731,0.0007558521855555,0.0007791617017568,0.0008031900536723,0.0008279594092773,0.0008534926201795,0.0008798132427007,0.0009069455596098,0.0009349146025252,0.0009637461750085,0.00099346687637,0.0010241041262091,0.0010556861897104,0.0010882422037206,0.0011218022036299,0.0011563971510812,0.0011920589625352,0.0012288205387153,0.0012667157949614,0.001305779692519,0.0013460482707938,0.0013875586806007,0.0014303492184386,0.0014744593618211,0.0015199298056982,0.0015668025
0.4,50.0,0.0004715959651204,0.0004861393824705,0.0005011313002401,0.0005165855496094,0.0005325163882948,0.0005489385137019,0.000565867076486,0.0005833176945291,0.0006013064673488,0.000619849990951,0.0006389653731416,0.0006586702493092,0.0006789827986953,0.0006999217611659,0.0007215064545006,0.0007437567922147,0.0007666933019309,0.0007903371443176,0.0008147101326109,0.0008398347527396,0.0008657341840696,0.0008924323207891,0.0009199537939522,0.0009483239942036,0.0009775690952028,0.0010077160777717,0.0010387927547863,0.0010708277968359,0.0011038507586745,0.0011378921064869,0.001172983245996,0.0012091565514372,0.0012464453954259,0.0012848841797465,0.0013245083670904,0.0013653545137729,0.0014074603034599,0.0014508645819329,0.0014956073929281,0.0015417300150791,0.001589275
0.41,,0.0004782643770228,0.0004930134396805,0.0005082173445965,0.0005238901185252,0.0005400462207882,0.000556700556614,0.0005738684908897,0.0005915658623354,0.0006098089981175,0.0006286147289112,0.0006480004044282,0.0006679839094232,0.0006885836801939,0.0007098187215898,0.0007317086245459,0.0007542735841564,0.0007775344183064,0.0008015125868783,0.0008262302115495,0.0008517100962018,0.0008779757479598,0.0009050513988775,0.0009329620282947,0.0009617333858821,0.0009913920153972,0.0010219652791735,0.0010534813833634,0.0010859694039614,0.0011194593136284,0.0011539820093439,0.0011895693409107,0.0012262541403391,0.0012640702521365,0.0013030525645316,0.0013432370416617,0.0013846607567522,0.0014273619263191,0.0014713799454273,0.0015167554240351,0.00156353022446,0.0016117475
0.42,,0.0004849327889252,0.0004998874968906,0.000515303388953,0.000531194687441,0.0005475760532816,0.0005644625995261,0.0005818699052933,0.0005998140301417,0.0006183115288863,0.0006373794668714,0.0006570354357147,0.0006772975695371,0.0006981845616925,0.0007197156820138,0.0007419107945912,0.000764790376098,0.0007883755346819,0.000812688029439,0.000837750290488,0.000863585439664,0.0008902173118499,0.0009176704769659,0.0009459702626371,0.0009751427775605,0.0010052149355916,0.0010362144805752,0.0010681700119405,0.0011011110110869,0.0011350678685822,0.0011700719122008,0.0012061554358255,0.0012433517292411,0.0012816951088471,0.0013212209493167,0.0013619657162331,0.0014039669997314,0.0014472635491782,0.0014918953089217,0.0015379034551421,0.0015853304338409,0.00163422
0.43,,0.0004916012008276,0.0005067615541007,0.0005223894333095,0.0005384992563567,0.000555105885775,0.0005722246424383,0.0005898713196969,0.000608062197948,0.000626814059655,0.0006461442048315,0.0006660704670013,0.0006866112296511,0.0007077854431911,0.0007296126424378,0.0007521129646365,0.0007753071680396,0.0007992166510574,0.0008238634719997,0.0008492703694266,0.0008754607831263,0.0009024588757401,0.0009302895550543,0.0009589784969796,0.0009885521692389,0.001019037855786,0.0010504636819769,0.0010828586405177,0.0011162526182124,0.0011506764235361,0.0011861618150578,0.0012227415307402,0.0012604493181431,0.0012993199655577,0.0013393893341018,0.0013806943908045,0.0014232732427106,0.0014671651720374,0.001512410672416,0.0015590514862491,0.0016071306432218,0.0016566925
0.44,,0.00049826961273,0.0005136356113108,0.000529475477666,0.0005458038252725,0.0005626357182684,0.0005799866853504,0.0005978727341006,0.0006163103657542,0.0006353165904238,0.0006549089427917,0.0006751054982878,0.000695924889765,0.0007173863246897,0.0007395096028617,0.0007623151346818,0.0007858239599813,0.0008100577674329,0.0008350389145604,0.0008607904483652,0.0008873361265885,0.0009147004396302,0.0009429086331427,0.000971986731322,0.0010019615609174,0.0010328607759804,0.0010647128833786,0.0010975472690948,0.0011313942253379,0.00116628497849,0.0012022517179148,0.001239327625655,0.001277546907045,0.0013169448222682,0.001357557718887,0.0013994230653759,0.0014425794856897,0.0014870667948966,0.0015329260359104,0.0015801995173561,0.0016289308526028,0.001679165
0.45,,0.0005049380246323,0.0005205096685209,0.0005365615220225,0.0005531083941883,0.0005701655507618,0.0005877487282625,0.0006058741485042,0.0006245585335605,0.0006438191211925,0.0006636736807519,0.0006841405295744,0.000705238549879,0.0007269872061883,0.0007494065632857,0.0007725173047271,0.0007963407519229,0.0008208988838084,0.0008462143571211,0.0008723105273037,0.0008992114700507,0.0009269420035203,0.0009555277112311,0.0009849949656645,0.0010153709525958,0.0010466836961748,0.0010789620847804,0.001112235897672,0.0011465358324634,0.0011818935334439,0.0012183416207718,0.0012559137205697,0.001294644495947,0.0013345696789788,0.0013757261036721,0.0014181517399473,0.0014618857286689,0.0015069684177558,0.0015534413994047,0.0016013475484631,0.0016507310619837,0.0017016375
0.46,,0.0005116064365347,0.000527383725731,0.0005436475663789,0.000560412963104,0.0005776953832552,0.0005955107711746,0.0006138755629078,0.0006328067013668,0.0006523216519612,0.0006724384187121,0.0006931755608609,0.000714552209993,0.0007365880876868,0.0007593035237097,0.0007827194747725,0.0008068575438645,0.0008317400001838,0.0008573897996818,0.0008838306062423,0.000911086813513,0.0009391835674105,0.0009681467893195,0.0009980032000069,0.0010287803442742,0.0010605066163692,0.0010932112861821,0.0011269245262491,0.0011616774395889,0.0011975020883977,0.0012344315236288,0.0012724998154845,0.001311742084849,0.0013521945356894,0.0013938944884572,0.0014368804145187,0.0014811919716481,0.0015268700406149,0.0015739567628991,0.0016224955795701,0.0016725312713646,0.00172411
0.47,,0.0005182748484371,0.0005342577829411,0.0005507336107354,0.0005677175320198,0.0005852252157486,0.0006032728140868,0.0006218769773115,0.000641054869173,0.00066082418273,0.0006812031566722,0.0007022105921475,0.0007238658701069,0.0007461889691854,0.0007692004841336,0.0007929216448178,0.0008173743358062,0.0008425811165593,0.0008685652422425,0.0008953506851809,0.0009229621569752,0.0009514251313006,0.0009807658674079,0.0010110114343494,0.0010421897359527,0.0010743295365636,0.0011074604875838,0.0011416131548262,0.0011768190467145,0.0012131106433516,0.0012505214264857,0.0012890859103992,0.0013288396737509,0.0013698193924,0.0014120628732423,0.0014556090890901,0.0015004982146273,0.0015467716634741,0.0015944721263934,0.0016436436106771,0.0016943314807455,0.0017465825
0.48,,0.0005249432603395,0.0005411318401512,0.0005578196550919,0.0005750221009355,0.000592755048242,0.0006110348569989,0.0006298783917151,0.0006493030369793,0.0006693267134987,0.0006899678946324,0.000711245623434,0.0007331795302209,0.000755789850684,0.0007790974445576,0.0008031238148631,0.0008278911277478,0.0008534222329348,0.0008797406848033,0.0009068707641195,0.0009348375004374,0.0009636666951908,0.0009933849454963,0.0010240196686918,0.0010555991276311,0.001088152456758,0.0011217096889856,0.0011563017834034,0.00119196065384,0.0012287191983055,0.0012666113293427,0.001305672005314,0.0013459372626529,0.0013874442491106,0.0014302312580274,0.0014743377636614,0.0015198044576065,0.0015666732863333,0.0016149874898878,0.0016647916417841,0.0017161316901265,0.001769055
0.49,,0.0005316116722419,0.0005480058973613,0.0005649056994484,0.0005823266698513,0.0006002848807354,0.000618796899911,0.0006378798061187,0.0006575512047856,0.0006778292442675,0.0006987326325926,0.0007202806547206,0.0007424931903348,0.0007653907321826,0.0007889944049816,0.0008133259849084,0.0008384079196895,0.0008642633493103,0.000890916127364,0.000918390843058,0.0009467128438997,0.0009759082590809,0.0010060040235847,0.0010370279030343,0.0010690085193095,0.0011019753769524,0.0011359588903873,0.0011709904119805,0.0012071022609655,0.0012443277532593,0.0012827012321997,0.0013222581002288,0.0013630348515549,0.0014050691058212,0.0014483996428125,0.0014930664382328,0.0015391107005857,0.0015865749091924,0.0016355028533821,0.0016859396728911,0.0017379318995074,0.0017915275
0.5,,0.0005382800841443,0.0005548799545714,0.0005719917438049,0.0005896312387671,0.0006078147132288,0.0006265589428231,0.0006458812205224,0.0006657993725918,0.0006863317750362,0.0007074973705527,0.0007293156860071,0.0007518068504488,0.0007749916136812,0.0007988913654055,0.0008235281549537,0.0008489247116311,0.0008751044656858,0.0009020915699247,0.0009299109219966,0.0009585881873619,0.0009881498229711,0.0010186231016731,0.0010500361373767,0.001082417910988,0.0011157982971468,0.001150208091789,0.0011856790405577,0.001222243868091,0.0012599363082132,0.0012987911350567,0.0013388441951435,0.0013801324404568,0.0014226939625317,0.0014665680275976,0.0015117951128042,0.0015584169435649,0.0016064765320516,0.0016560182168765,0.0017070877039981,0.0017597321088883,0.001814
0.51,,0.0005468854438136,0.0005637506925441,0.000581136044009,0.0005990575375125,0.0006175317069904,0.0006365755962641,0.0006562067747644,0.0006764433537413,0.0006973040029723,0.0007188079679871,0.0007409750878231,0.000763825813328,0.0007873812260278,0.0008116630575757,0.0008366937098014,0.0008624962753782,0.0008890945591284,0.0009165130999841,0.0009447771936272,0.0009739129158258,0.0010039471464915,0.0010349075944782,0.0010668228231451,0.0010997222767094,0.0011336363074099,0.00116859620351,0.001204634218163,0.0012417835991685,0.0012800786196455,0.0013195546096524,0.0013602479887814,0.0014021962997585,0.0014454382430794,0.0014900137127136,0.0015359638329097,0.0015833309961357,0.0016321589021891,0.0016824925985134,0.0017343785217577,0.0017878645406181,0.001843
0.52,,0.000555490803483,0.0005726214305169,0.0005902803442132,0.000608483836258,0.0006272487007521,0.000646592249705,0.0006665323290065,0.0006870873348908,0.0007082762309084,0.0007301185654216,0.0007526344896391,0.0007758447762073,0.0007997708383745,0.0008244347497459,0.000849859264649,0.0008760678391254,0.000903084652571,0.0009309346300436,0.0009596434652578,0.0009892376442897,0.001019744470012,0.0010511920872833,0.0010836095089136,0.0011170266424308,0.001151474317673,0.001186984315231,0.0012235893957684,0.001261323330246,0.0013002209310778,0.0013403180842481,0.0013816517824193,0.0014242601590602,0.001468182523627,0.0015134593978295,0.0015601325530152,0.0016082450487065,0.0016578412723267,0.0017089669801504,0.0017616693395173,0.0018159969723478,0.001872
0.53,,0.0005640961631523,0.0005814921684896,0.0005994246444173,0.0006179101350034,0.0006369656945137,0.000656608903146,0.0006768578832486,0.0006977313160403,0.0007192484588445,0.000741429162856,0.0007642938914551,0.0007878637390866,0.0008121604507211,0.0008372064419162,0.0008630248194967,0.0008896394028725,0.0009170747460136,0.000945356160103,0.0009745097368884,0.0010045623727536,0.0010355417935325,0.0010674765800885,0.001100396194682,0.0011343310081522,0.0011693123279361,0.001205372426952,0.0012425445733738,0.0012808630613236,0.0013203632425101,0.0013610815588438,0.0014030555760572,0.0014463240183619,0.0014909268041747,0.0015369050829455,0.0015843012731206,0.0016331591012773,0.0016835236424642,0.0017354413617873,0.001788960157277,0.0018441294040775,0.001901
0.54,,0.0005727015228217,0.0005903629064624,0.0006085689446215,0.0006273364337489,0.0006466826882754,0.0006666255565869,0.0006871834374907,0.0007083752971898,0.0007302206867806,0.0007527397602904,0.0007759532932711,0.0007998827019659,0.0008245500630677,0.0008499781340864,0.0008761903743444,0.0009032109666196,0.0009310648394562,0.0009597776901624,0.000989376008519,0.0010198871012175,0.001051339117053,0.0010837610728936,0.0011171828804504,0.0011516353738736,0.0011871503381992,0.001223760538673,0.0012614997509792,0.0013004027924011,0.0013405055539424,0.0013818450334396,0.0014244593696951,0.0014683878776636,0.0015136710847223,0.0015603507680614,0.0016084699932261,0.001658073153848,0.0017092060126018,0.0017619157434243,0.0018162509750366,0.0018722618358073,0.00193
0.55,,0.000581306882491,0.0005992336444351,0.0006177132448257,0.0006367627324943,0.0006563996820371,0.0006766422100279,0.0006975089917328,0.0007190192783393,0.0007411929147166,0.0007640503577248,0.0007876126950871,0.0008119016648452,0.0008369396754143,0.0008627498262566,0.000889355929192,0.0009167825303668,0.0009450549328988,0.0009741992202219,0.0010042422801496,0.0010352118296814,0.0010671364405735,0.0011000455656987,0.0011339695662189,0.0011689397395951,0.0012049883484623,0.001242148650394,0.0012804549285846,0.0013199425234786,0.0013606478653747,0.0014026085080353,0.001445863163333,0.0014904517369652,0.0015364153652699,0.0015837964531774,0.0016326387133316,0.0016829872064188,0.0017348883827393,0.0017883901250612,0.0018435417927962,0.001900394267537,0.001959
0.56,,0.0005899122421603,0.0006081043824079,0.0006268575450298,0.0006461890312398,0.0006661166757987,0.0006866588634688,0.0007078345459749,0.0007296632594887,0.0007521651426527,0.0007753609551592,0.0007992720969031,0.0008239206277244,0.0008493292877609,0.0008755215184268,0.0009025214840397,0.0009303540941139,0.0009590450263414,0.0009886207502813,0.0010191085517802,0.0010505365581453,0.001082933764094,0.0011163300585039,0.0011507562519873,0.0011862441053165,0.0012228263587254,0.001260536762115,0.00129941010619,0.0013394822545562,0.001380790176807,0.001423371982631,0.0014672669569709,0.0015125155962669,0.0015591596458176,0.0016072421382933,0.001656807433437,0.0017079012589896,0.0017605707528768,0.0018148645066982,0.0018708326105558,0.0019285266992668,0.0019879999999999
0.57,,0.0005985176018297,0.0006169751203806,0.000636001845234,0.0006556153299852,0.0006758336695604,0.0006966755169098,0.000718160100217,0.0007403072406382,0.0007631373705888,0.0007866715525936,0.0008109314987191,0.0008359395906037,0.0008617189001075,0.000888293210597,0.0009156870388873,0.000943925657861,0.000973035119784,0.0010030422803407,0.0010339748234108,0.0010658612866091,0.0010987310876145,0.001132614551309,0.0011675429377557,0.0012035484710379,0.0012406643689885,0.001278924873836,0.0013183652837954,0.0013590219856337,0.0014009324882393,0.0014441354572267,0.0014886707506089,0.0015345794555686,0.0015819039263652,0.0016306878234093,0.0016809761535425,0.0017328153115604,0.0017862531230144,0.0018413388883351,0.0018981234283154,0.0019566591309965,0.002017
0.58,,0.000607122961499,0.0006258458583534,0.0006451461454381,0.0006650416287307,0.000685550663322,0.0007066921703507,0.0007284856544591,0.0007509512217877,0.0007741095985249,0.0007979821500281,0.000822590900535,0.000847958553483,0.0008741085124541,0.0009010649027672,0.000928852593735,0.0009574972216082,0.0009870252132266,0.0010174638104002,0.0010488410950414,0.001081186015073,0.001114528411135,0.0011488990441142,0.0011843296235241,0.0012208528367593,0.0012585023792516,0.0012973129855569,0.0013373204614008,0.0013785617167112,0.0014210747996716,0.0014648989318225,0.0015100745442468,0.0015566433148703,0.0016046482069129,0.0016541335085252,0.001705144873648,0.0017577293641311,0.0018119354931519,0.0018678132699721,0.001925414246075,0.0019847915627263,0.002046
0.59,,0.0006157283211684,0.0006347165963261,0.0006542904456423,0.0006744679274761,0.0006952676570837,0.0007167088237916,0.0007388112087012,0.0007615952029372,0.000785081826461,0.0008092927474625,0.000834250302351,0.0008599775163623,0.0008864981248008,0.0009138365949374,0.0009420181485827,0.0009710687853553,0.0010010153066692,0.0010318853404596,0.001063707366672,0.0010965107435369,0.0011303257346554,0.0011651835369193,0.0012011163092926,0.0012381572024807,0.0012763403895147,0.0013157010972779,0.0013562756390062,0.0013981014477888,0.0014412171111039,0.0014856624064182,0.0015314783378847,0.001578707174172,0.0016273924874605,0.0016775791936412,0.0017293135937535,0.0017826434167019,0.0018376178632895,0.001894287651609,0.0019527050638347,0.002012923994456,0.002075
0.6,,0.0006243336808377,0.0006435873342989,0.0006634347458464,0.0006838942262216,0.0007049846508453,0.0007267254772326,0.0007491367629433,0.0007722391840867,0.000796054054397,0.0008206033448969,0.000845909704167,0.0008719964792416,0.0008988877371474,0.0009266082871076,0.0009551837034303,0.0009846403491025,0.0010150054001118,0.0010463068705191,0.0010785736383026,0.0011118354720008,0.0011461230581759,0.0011814680297244,0.001217902995061,0.0012554615682021,0.0012941783997778,0.0013340892089989,0.0013752308166115,0.0014176411788663,0.0014613594225362,0.0015064258810139,0.0015528821315226,0.0016007710334736,0.0016501367680082,0.0017010248787571,0.0017534823138589,0.0018075574692727,0.001863300233427,0.0019207620332459,0.0019799958815943,0.0020410564261858,0.002104
0.61,,0.000632939040507,0.0006524580722716,0.0006725790460506,0.000693320524967,0.000714701644607,0.0007367421306735,0.0007594623171853,0.0007828831652362,0.0008070262823331,0.0008319139423313,0.000857569105983,0.0008840154421209,0.000911277349494,0.0009393799792778,0.000968349258278,0.0009982119128496,0.0010289954935544,0.0010607284005785,0.0010934399099332,0.0011271602004647,0.0011619203816964,0.0011977525225296,0.0012346896808294,0.0012727659339236,0.0013120164100409,0.0013524773207199,0.0013941859942169,0.0014371809099438,0.0014815017339685,0.0015271893556096,0.0015742859251605,0.0016228348927753,0.0016728810485558,0.0017244705638731,0.0017776510339644,0.0018324715218434,0.0018889826035645,0.0019472364148829,0.0020072866993539,0.0020691888579155,0.002133
0.62,,0.0006415444001764,0.0006613288102444,0.0006817233462548,0.0007027468237125,0.0007244186383686,0.0007467587841145,0.0007697878714274,0.0007935271463856,0.0008179985102692,0.0008432245397657,0.000869228507799,0.0008960344050001,0.0009236669618406,0.000952151671448,0.0009815148131257,0.0010117834765967,0.001042985586997,0.0010751499306379,0.0011083061815638,0.0011424849289286,0.0011777177052169,0.0012140370153347,0.0012514763665978,0.001290070299645,0.001329854420304,0.0013708654324409,0.0014131411718223,0.0014567206410213,0.0015016440454008,0.0015479528302054,0.0015956897187984,0.001644898752077,0.0016956253291034,0.001747916248989,0.0018018197540699,0.0018573855744142,0.0019146649737021,0.0019737107965198,0.0020345775171135,0.0020973212896453,0.002162
0.63,,0.0006501497598457,0.0006701995482171,0.0006908676464589,0.0007121731224579,0.0007341356321303,0.0007567754375554,0.0007801134256695,0.0008041711275351,0.0008289707382053,0.0008545351372001,0.000880887909615,0.0009080533678794,0.0009360565741872,0.0009649233636183,0.0009946803679733,0.0010253550403439,0.0010569756804397,0.0010895714606974,0.0011231724531944,0.0011578096573925,0.0011935150287374,0.0012303215081398,0.0012682630523663,0.0013073746653664,0.0013476924305671,0.0013892535441619,0.0014320963494277,0.0014762603720989,0.0015217863568331,0.0015687163048011,0.0016170935124363,0.0016669626113787,0.0017183696096511,0.001771361934105,0.0018259884741753,0.001882299626985,0.0019403473438396,0.0020001851781568,0.0020618683348731,0.002125453721375,0.002191
0.64,,0.0006587551195151,0.0006790702861899,0.0007000119466631,0.0007215994212034,0.0007438526258919,0.0007667920909964,0.0007904389799116,0.0008148151086846,0.0008399429661414,0.0008658457346346,0.000892547311431,0.0009200723307587,0.0009484461865338,0.0009776950557885,0.001007845922821,0.001038926604091,0.0010709657738823,0.0011039929907568,0.001138038724825,0.0011731343858564,0.0012093123522579,0.001246606000945,0.0012850497381347,0.0013246790310878,0.0013655304408302,0.0014076416558829,0.0014510515270331,0.0014958001031764,0.0015419286682654,0.0015894797793968,0.0016384973060742,0.0016890264706804,0.0017411138901987,0.0017948076192209,0.0018501571942808,0.0019072136795558,0.0019660297139772,0.0020266595597937,0.0020891591526327,0.0021535861531048,0.0022199999999999
0.65,,0.0006673604791844,0.0006879410241626,0.0007091562468672,0.0007310257199488,0.0007535696196536,0.0007768087444373,0.0008007645341537,0.0008254590898341,0.0008509151940775,0.000877156332069,0.000904206713247,0.000932091293638,0.0009608357988804,0.0009904667479587,0.0010210114776686,0.0010524981678381,0.0010849558673249,0.0011184145208162,0.0011529049964556,0.0011884591143203,0.0012251096757784,0.0012628904937501,0.0013018364239031,0.0013419833968092,0.0013833684510933,0.0014260297676039,0.0014700067046385,0.0015153398342539,0.0015620709796977,0.0016102432539925,0.0016599010997121,0.001711090329982,0.0017638581707464,0.0018182533043369,0.0018743259143863,0.0019321277321265,0.0019917120841147,0.0020531339414307,0.0021164499703924,0.0021817185848345,0.0022489999999999
0.66,,0.0006759658388538,0.0006968117621354,0.0007183005470714,0.0007404520186943,0.0007632866134152,0.0007868253978783,0.0008110900883958,0.0008361030709836,0.0008618874220135,0.0008884669295034,0.000915866115063,0.0009441102565173,0.000973225411227,0.0010032384401289,0.0010341770325163,0.0010660697315853,0.0010989459607675,0.0011328360508757,0.0011677712680862,0.0012037838427842,0.0012409069992988,0.0012791749865553,0.0013186231096716,0.0013592877625307,0.0014012064613564,0.0014444178793249,0.0014889618822439,0.0015348795653315,0.0015822132911299,0.0016310067285883,0.00168130489335,0.0017331541892837,0.001786602451294,0.0018416989894528,0.0018984946344917,0.0019570417846973,0.0020173944542522,0.0020796083230676,0.002143740788152,0.0022098510165643,0.002278
0.67,,0.0006845711985231,0.0007056825001081,0.0007274448472756,0.0007498783174397,0.0007730036071769,0.0007968420513192,0.0008214156426379,0.0008467470521331,0.0008728596499496,0.0008997775269378,0.000927525516879,0.0009561292193965,0.0009856150235737,0.0010160101322991,0.001047342587364,0.0010796412953324,0.0011129360542101,0.0011472575809351,0.0011826375397168,0.001219108571248,0.0012567043228193,0.0012954594793604,0.00133540979544,0.0013765921282521,0.0014190444716195,0.0014628059910459,0.0015079170598493,0.001554419296409,0.0016023556025622,0.001651770203184,0.0017027086869879,0.0017552180485854,0.0018093467318416,0.0018651446745687,0.0019226633545972,0.0019819558372681,0.0020430768243898,0.0021060827047046,0.0021710316059116,0.002237983448294,0.002307
0.68,,0.0006931765581924,0.0007145532380809,0.0007365891474797,0.0007593046161852,0.0007827206009385,0.0008068587047601,0.00083174119688,0.0008573910332825,0.0008838318778857,0.0009110881243722,0.000939184918695,0.0009681481822758,0.0009980046359203,0.0010287818244693,0.0010605081422116,0.0010932128590795,0.0011269261476527,0.0011616791109945,0.0011975038113474,0.0012344332997119,0.0012725016463398,0.0013117439721655,0.0013521964812084,0.0013938964939735,0.0014368824818826,0.0014811941027669,0.0015268722374546,0.0015739590274865,0.0016224979139945,0.0016725336777797,0.0017241124806258,0.0017772819078871,0.0018320910123893,0.0018885903596847,0.0019468320747027,0.0020068698898389,0.0020687591945273,0.0021325570863415,0.0021983224236712,0.0022661158800238,0.002336
0.69,,0.0007017819178618,0.0007234239760536,0.0007457334476839,0.0007687309149306,0.0007924375947002,0.0008168753582011,0.0008420667511221,0.000868035014432,0.0008948041058218,0.0009223987218066,0.0009508443205109,0.0009801671451551,0.0010103942482669,0.0010415535166395,0.0010736736970593,0.0011067844228267,0.0011409162410953,0.001176100641054,0.0012123700829779,0.0012497580281758,0.0012882989698603,0.0013280284649707,0.0013689831669768,0.0014112008596949,0.0014547204921457,0.0014995822144879,0.00154582741506,0.0015934987585641,0.0016426402254268,0.0016932971523754,0.0017455162742637,0.0017993457671888,0.0018548352929369,0.0019120360448006,0.0019710007948082,0.0020317839424096,0.0020944415646648,0.0021590314679785,0.0022256132414308,0.0022942483117535,0.002365
0.7,,0.0007103872775311,0.0007322947140264,0.000754877747888,0.0007781572136761,0.0008021545884618,0.000826892011642,0.0008523923053641,0.0008786789955815,0.0009057763337579,0.000933709319241,0.0009625037223269,0.0009921861080344,0.0010227838606135,0.0010543252088097,0.001086839251907,0.0011203559865738,0.0011549063345379,0.0011905221711134,0.0012272363546085,0.0012650827566397,0.0013040962933808,0.0013443129577758,0.0013857698527453,0.0014285052254163,0.0014725585024087,0.0015179703262089,0.0015647825926654,0.0016130384896416,0.0016627825368591,0.0017140606269712,0.0017669200679016,0.0018214096264905,0.0018775795734846,0.0019354817299166,0.0019951695149136,0.0020566979949804,0.0021201239348024,0.0021855058496154,0.0022529040591905,0.0023223807434833,0.002394
0.71,,0.0007189926372005,0.0007411654519991,0.0007640220480922,0.0007875835124215,0.0008118715822235,0.000836908665083,0.0008627178596062,0.000889322976731,0.0009167485616939,0.0009450199166755,0.0009741631241429,0.0010042050709137,0.0010351734729601,0.0010670969009799,0.0011000048067546,0.0011339275503209,0.0011688964279805,0.0012049437011729,0.0012421026262391,0.0012804074851036,0.0013198936169013,0.0013605974505809,0.0014025565385137,0.0014458095911377,0.0014903965126718,0.0015363584379299,0.0015837377702708,0.0016325782207191,0.0016829248482914,0.0017348241015669,0.0017883238615396,0.0018434734857921,0.0019003238540322,0.0019589274150325,0.0020193382350191,0.0020816120475512,0.0021458063049399,0.0022119802312523,0.0022801948769501,0.002350513175213,0.002423
0.72,,0.0007275979968698,0.0007500361899719,0.0007731663482963,0.000797009811167,0.0008215885759851,0.0008469253185239,0.0008730434138483,0.0008999669578805,0.00092772078963,0.0009563305141099,0.0009858225259589,0.0010162240337929,0.0010475630853067,0.0010798685931502,0.0011131703616023,0.0011474991140681,0.0011828865214231,0.0012193652312323,0.0012569688978697,0.0012957322135675,0.0013356909404218,0.0013768819433861,0.0014193432242821,0.0014631139568592,0.0015082345229349,0.0015547465496509,0.0016026929478762,0.0016521179517966,0.0017030671597237,0.0017555875761626,0.0018097276551775,0.0018655373450938,0.0019230681345798,0.0019823731001485,0.0020435069551246,0.002106526100122,0.0021714886750775,0.0022384546128893,0.0023074856947097,0.0023786456069428,0.0024519999999999
0.73,,0.0007362033565391,0.0007589069279446,0.0007823106485005,0.0008064361099124,0.0008313055697468,0.0008569419719649,0.0008833689680904,0.00091061093903,0.0009386930175661,0.0009676411115443,0.0009974819277749,0.0010282429966722,0.0010599526976533,0.0010926402853204,0.0011263359164499,0.0011610706778152,0.0011968766148657,0.0012337867612917,0.0012718351695003,0.0013110569420314,0.0013514882639422,0.0013931664361912,0.0014361299100505,0.0014804183225806,0.001526072533198,0.0015731346613719,0.0016216481254816,0.0016716576828742,0.001723209471156,0.0017763510507583,0.0018311314488154,0.0018876012043955,0.0019458124151275,0.0020058187852644,0.00206767567523,0.0021314401526927,0.002197171045215,0.0022649289945262,0.0023347765124693,0.0024067780386725,0.0024809999999999
0.74,,0.0007448087162085,0.0007677776659174,0.0007914549487047,0.0008158624086579,0.0008410225635084,0.0008669586254058,0.0008936945223325,0.0009212549201795,0.0009496652455022,0.0009789517089787,0.0010091413295909,0.0010402619595515,0.00107234231,0.0011054119774906,0.0011395014712976,0.0011746422415624,0.0012108667083083,0.0012482082913512,0.0012867014411309,0.0013263816704953,0.0013672855874627,0.0014094509289964,0.001452916595819,0.001497722688302,0.0015439105434611,0.0015915227730928,0.001640603303087,0.0016911974139517,0.0017433517825883,0.0017971145253541,0.0018525352424533,0.0019096650636972,0.0019685566956751,0.0020292644703804,0.0020918443953355,0.0021563542052635,0.0022228534153525,0.0022914033761632,0.0023620673302289,0.0024349104704022,0.00251
0.75,,0.0007534140758778,0.0007766484038902,0.0008005992489088,0.0008252887074033,0.0008507395572701,0.0008769752788468,0.0009040200765746,0.0009318989013289,0.0009606374734383,0.0009902623064131,0.0010208007314069,0.0010522809224308,0.0010847319223466,0.0011181836696608,0.0011526670261453,0.0011882138053095,0.0012248568017509,0.0012626298214106,0.0013015677127615,0.0013417063989592,0.0013830829109832,0.0014257354218015,0.0014697032815874,0.0015150270540234,0.0015617485537242,0.0016099108848138,0.0016595584806924,0.0017107371450292,0.0017634940940206,0.0018178779999498,0.0018739390360912,0.0019317289229989,0.0019913009762228,0.0020527101554963,0.002116013115441,0.0021812682578343,0.0022485357854901,0.0023178777578001,0.0023893581479885,0.002463042902132,0.002539
0.76,,0.0007620194355472,0.0007855191418629,0.000809743549113,0.0008347150061488,0.0008604565510317,0.0008869919322877,0.0009143456308167,0.0009425428824784,0.0009716097013743,0.0010015729038475,0.0010324601332229,0.0010642998853101,0.0010971215346932,0.001130955361831,0.0011658325809929,0.0012017853690566,0.0012388468951935,0.00127705135147,0.0013164339843921,0.0013570311274231,0.0013988802345037,0.0014420199146066,0.0014864899673558,0.0015323314197448,0.0015795865639873,0.0016282989965348,0.0016785136582977,0.0017302768761068,0.0017836364054529,0.0018386414745455,0.0018953428297291,0.0019537927823005,0.0020140452567704,0.0020761558406123,0.0021401818355465,0.0022061823104051,0.0022742181556276,0.0023443521394371,0.0024166489657482,0.0024911753338617,0.002568
0.77,,0.0007706247952165,0.0007943898798357,0.0008188878493171,0.0008441413048942,0.0008701735447934,0.0008970085857286,0.0009246711850588,0.0009531868636279,0.0009825819293104,0.001012883501282,0.0010441195350389,0.0010763188481894,0.0011095111470398,0.0011437270540012,0.0011789981358406,0.0012153569328038,0.0012528369886361,0.0012914728815295,0.0013313002560227,0.001372355855887,0.0014146775580242,0.0014583044074118,0.0015032766531242,0.0015496357854663,0.0015974245742504,0.0016466871082558,0.0016974688359031,0.0017498166071843,0.0018037787168852,0.0018594049491412,0.001916746623367,0.0019758566416022,0.0020367895373181,0.0020996015257282,0.0021643505556519,0.0022310963629758,0.0022999005257652,0.002370826521074,0.0024439397835078,0.0025193077655915,0.002597
0.78,,0.0007792301548859,0.0008032606178084,0.0008280321495213,0.0008535676036397,0.000879890538555,0.0009070252391696,0.0009349967393009,0.0009638308447774,0.0009935541572465,0.0010241940987164,0.0010557789368549,0.0010883378110686,0.0011219007593864,0.0011564987461714,0.0011921636906883,0.0012289284965509,0.0012668270820788,0.0013058944115889,0.0013461665276533,0.0013876805843508,0.0014304748815447,0.0014745889002169,0.0015200633388927,0.0015669401511877,0.0016152625845135,0.0016650752199768,0.0017164240135085,0.0017693563382618,0.0018239210283175,0.001880168423737,0.0019381504170049,0.0019979205009039,0.0020595338178657,0.0021230472108442,0.0021885192757574,0.0022560104155466,0.0023255828959027,0.002397300902711,0.0024712306012674,0.0025474401973212,0.002626
0.79,,0.0007878355145552,0.0008121313557812,0.0008371764497254,0.0008629939023851,0.0008896075323167,0.0009170418926105,0.0009453222935429,0.0009744748259269,0.0010045263851826,0.0010355046961508,0.0010674383386709,0.0011003567739479,0.001134290371733,0.0011692704383416,0.0012053292455359,0.001242500060298,0.0012808171755214,0.0013203159416483,0.0013610327992839,0.0014030053128147,0.0014462722050652,0.001490873393022,0.0015368500246611,0.0015842445169091,0.0016331005947766,0.0016834633316978,0.0017353791911139,0.0017888960693394,0.0018440633397498,0.0019009318983327,0.0019595542106428,0.0020199843602056,0.0020822780984133,0.0021464928959601,0.0022126879958629,0.0022809244681174,0.0023512652660402,0.0024237752843479,0.002498521419027,0.002575572629051,0.002655
0.8,,0.0007964408742245,0.0008210020937539,0.0008463207499296,0.0008724202011306,0.0008993245260783,0.0009270585460515,0.000955647847785,0.0009851188070764,0.0010154986131187,0.0010468152935852,0.0010790977404869,0.0011123757368272,0.0011466799840796,0.0011820421305118,0.0012184948003836,0.0012560716240452,0.001294807268964,0.0013347374717078,0.0013758990709145,0.0014183300412786,0.0014620695285857,0.0015071578858272,0.0015536367104295,0.0016015488826305,0.0016509386050397,0.0017018514434188,0.0017543343687193,0.0018084358004169,0.0018642056511821,0.0019216953729284,0.0019809580042807,0.0020420482195073,0.002105022378961,0.0021699385810761,0.0022368567159683,0.0023058385206882,0.0023769476361778,0.0024502496659849,0.0025258122367866,0.0026037050607807,0.002684
0.81,,0.0008050462338939,0.0008298728317267,0.0008554650501338,0.000881846499876,0.00090904151984,0.0009370751994924,0.0009659734020271,0.0009957627882258,0.0010264708410548,0.0010581258910196,0.0010907571423028,0.0011243946997065,0.0011590695964263,0.001194813822682,0.0012316603552312,0.0012696431877923,0.0013087973624066,0.0013491590017672,0.0013907653425451,0.0014336547697425,0.0014778668521061,0.0015234423786323,0.0015704233961979,0.0016188532483519,0.0016687766153028,0.0017202395551398,0.0017732895463247,0.0018279755314944,0.0018843479626144,0.0019424588475241,0.0020023617979186,0.0020641120788089,0.0021277666595086,0.002193384266192,0.0022610254360738,0.0023307525732589,0.0024026300063153,0.0024767240476218,0.0025531030545462,0.0026318374925105,0.0027129999999999
0.82,,0.0008136515935632,0.0008387435696994,0.0008646093503379,0.0008912727986215,0.0009187585136017,0.0009470918529334,0.0009762989562692,0.0010064067693753,0.0010374430689908,0.001069436488454,0.0011024165441188,0.0011364136625858,0.0011714592087729,0.0012075855148523,0.0012448259100789,0.0012832147515394,0.0013227874558492,0.0013635805318267,0.0014056316141757,0.0014489794982064,0.0014936641756266,0.0015397268714375,0.0015872100819664,0.0016361576140733,0.0016866146255659,0.0017386276668608,0.0017922447239301,0.0018475152625719,0.0019044902740467,0.0019632223221199,0.0020237655915565,0.0020861759381106,0.0021505109400563,0.002216829951308,0.0022851941561793,0.0023556666258297,0.0024283123764529,0.0025031984292588,0.0025803938723059,0.0026599699242402,0.002742
0.83,,0.0008222569532326,0.0008476143076722,0.0008737536505421,0.0009006990973669,0.0009284755073633,0.0009571085063743,0.0009866245105113,0.0010170507505248,0.0010484152969269,0.0010807470858885,0.0011140759459348,0.001148432625465,0.0011838488211195,0.0012203572070225,0.0012579914649266,0.0012967863152866,0.0013367775492918,0.0013780020618861,0.0014204978858063,0.0014643042266703,0.0015094614991471,0.0015560113642426,0.0016039967677348,0.0016534619797948,0.001704452635829,0.0017570157785818,0.0018111999015355,0.0018670549936495,0.001924632585479,0.0019839857967156,0.0020451693851944,0.0021082397974123,0.0021732552206039,0.0022402756364239,0.0023093628762847,0.0023805806784005,0.0024539947465904,0.0025296728108957,0.0026076846900655,0.00268810235597,0.002771
0.84,,0.0008308623129019,0.0008564850456449,0.0008828979507462,0.0009101253961124,0.000938192501125,0.0009671251598152,0.0009969500647534,0.0010276947316743,0.001059387524863,0.0010920576833229,0.0011257353477508,0.0011604515883443,0.0011962384334661,0.0012331288991927,0.0012711570197742,0.0013103578790337,0.0013507676427344,0.0013924235919455,0.0014353641574369,0.0014796289551342,0.0015252588226676,0.0015722958570477,0.0016207834535032,0.0016707663455162,0.0017222906460921,0.0017754038903028,0.0018301550791408,0.001886594724727,0.0019447748969113,0.0020047492713113,0.0020665731788323,0.002130303656714,0.0021959995011515,0.0022637213215399,0.0023335315963902,0.0024054947309713,0.0024796771167279,0.0025561471925326,0.0026349755078251,0.0027162347876997,0.0028
0.85,,0.0008394676725712,0.0008653557836177,0.0008920422509504,0.0009195516948578,0.0009479094948866,0.0009771418132562,0.0010072756189955,0.0010383387128238,0.0010703597527991,0.0011033682807573,0.0011373947495668,0.0011724705512236,0.0012086280458127,0.0012459005913629,0.0012843225746219,0.0013239294427808,0.001364757736177,0.001406845122005,0.0014502304290675,0.0014949536835981,0.0015410561461881,0.0015885803498529,0.0016375701392717,0.0016880707112376,0.0017401286563552,0.0017937920020238,0.0018491102567462,0.0019061344558045,0.0019649172083436,0.002025512745907,0.0020879769724702,0.0021523675160157,0.0022187437816992,0.0022871670066558,0.0023577003164957,0.002430408783542,0.0025053594868655,0.0025826215741696,0.0026622663255847,0.0027443672194295,0.002829
0.86,,0.0008480730322406,0.0008742265215904,0.0009011865511546,0.0009289779936033,0.0009576264886483,0.0009871584666971,0.0010176011732376,0.0010489826939733,0.0010813319807352,0.0011146788781917,0.0011490541513828,0.0011844895141029,0.0012210176581593,0.0012586722835331,0.0012974881294695,0.001337501006528,0.0013787478296196,0.0014212666520644,0.0014650967006981,0.001510278412062,0.0015568534697086,0.001604864842658,0.0016543568250401,0.001705375076959,0.0017579666666183,0.0018121801137448,0.0018680654343516,0.0019256741868821,0.0019850595197759,0.0020462762205028,0.0021093807661082,0.0021744313753173,0.0022414880622468,0.0023106126917718,0.0023818690366012,0.0024553228361128,0.002531041857003,0.0026090959558065,0.0026895571433443,0.0027724996511592,0.002858
0.87,,0.0008566783919099,0.0008830972595632,0.0009103308513587,0.0009384042923487,0.0009673434824099,0.0009971751201381,0.0010279267274797,0.0010596266751228,0.0010923042086712,0.0011259894756261,0.0011607135531988,0.0011965084769822,0.0012334072705059,0.0012714439757033,0.0013106536843172,0.0013510725702751,0.0013927379230622,0.0014356881821238,0.0014799629723287,0.0015256031405259,0.0015726507932291,0.0016211493354631,0.0016711435108085,0.0017226794426804,0.0017758046768814,0.0018305682254658,0.001887020611957,0.0019452139179596,0.0020052018312082,0.0020670396950985,0.0021307845597461,0.002196495234619,0.0022642323427945,0.0023340583768877,0.0024060377567066,0.0024802368886836,0.0025567242271406,0.0026355703374435,0.002716847961104,0.002800632082889,0.002887
0.88,,0.0008652837515793,0.0008919679975359,0.0009194751515629,0.0009478305910942,0.0009770604761716,0.001007191773579,0.0010382522817218,0.0010702706562722,0.0011032764366073,0.0011373000730605,0.0011723729550148,0.0012085274398614,0.0012457968828526,0.0012842156678735,0.0013238192391649,0.0013646441340222,0.0014067280165048,0.0014501097121833,0.0014948292439593,0.0015409278689897,0.0015884481167495,0.0016374338282683,0.0016879301965769,0.0017399838084019,0.0017936426871445,0.0018489563371868,0.0019059757895624,0.0019647536490371,0.0020253441426405,0.0020878031696942,0.002152188353384,0.0022185590939207,0.0022869766233421,0.0023575040620037,0.0024302064768121,0.0025051509412544,0.0025824065972781,0.0026620447190804,0.0027441387788636,0.0028287645146187,0.002916
0.89,,0.0008738891112486,0.0009008387355087,0.000928619451767,0.0009572568898396,0.0009867774699332,0.00101720842702,0.0010485778359638,0.0010809146374217,0.0011142486645434,0.001148610670495,0.0011840323568308,0.0012205464027407,0.0012581864951992,0.0012969873600437,0.0013369847940125,0.0013782156977694,0.0014207181099474,0.0014645312422427,0.0015096955155899,0.0015562525974536,0.00160424544027,0.0016537183210734,0.0017047168823454,0.0017572881741233,0.0018114806974076,0.0018673444489077,0.0019249309671678,0.0019842933801147,0.0020454864540728,0.0021085666442899,0.0021735921470219,0.0022406229532224,0.0023097209038898,0.0023809497471196,0.0024543751969176,0.0025300649938251,0.0026080889674156,0.0026885191007174,0.0027714295966232,0.0028568969463485,0.002945
0.9,,0.000882494470918,0.0009097094734814,0.0009377637519712,0.0009666831885851,0.0009964944636949,0.0010272250804609,0.0010589033902059,0.0010915586185712,0.0011252208924795,0.0011599212679294,0.0011956917586468,0.00123256536562,0.0012705761075458,0.0013097590522139,0.0013501503488602,0.0013917872615165,0.00143470820339,0.0014789527723021,0.0015245617872205,0.0015715773259175,0.0016200427637905,0.0016700028138786,0.0017215035681138,0.0017745925398447,0.0018293187076707,0.0018857325606287,0.0019438861447732,0.0020038331111922,0.002065628765505,0.0021293301188857,0.0021949959406598,0.0022626868125241,0.0023324651844374,0.0024043954322356,0.002478543917023,0.0025549790463959,0.0026337713375532,0.0027149934823543,0.0027987204143828,0.0028850293780782,0.0029739999999999
0.91,,0.0009296162335211,0.0009582844110701,0.0009878366786064,0.001018300300336,0.0010497033812587,0.0010820748930962,0.0011154447010212,0.0011498435912105,0.0011853032992467,0.0012218565393978,0.0012595370347978,0.001298379548559,0.0013384199158438,0.0013796950769253,0.0014222431112674,0.001466103272656,0.0015113160254137,0.0015579230817311,0.0016059674401494,0.0016554934252301,0.0017065467284475,0.0017591744503426,0.0018134251439768,0.0018693488597261,0.0019269971914562,0.0019864233241216,0.002047682082833,0.0021108299834374,0.0021759252846584,0.0022430280418443,0.0023122001623736,0.0023835054627691,0.0024570097275741,0.0025327807700429,0.002610888494704,0.0026914049618524,0.0027744044540305,0.0028599635445594,0.0029481611681837,0.0030390786938949,0.0031328
0.92,,0.0009767379961243,0.0010068593486589,0.0010379096052416,0.001069917412087,0.0011029122988225,0.0011369247057314,0.0011719860118365,0.0012081285638497,0.001245385706014,0.0012837918108663,0.0013233823109488,0.0013641937314979,0.0014062637241418,0.0014496311016367,0.0014943358736746,0.0015404192837955,0.0015879238474373,0.00163689339116,0.0016873730930783,0.0017394095245427,0.0017930506931045,0.0018483460868065,0.0019053467198397,0.0019641051796075,0.0020246756752417,0.0020871140876145,0.0021514780208929,0.0022178268556827,0.0022862218038118,0.002356725964803,0.0024294043840873,0.0025043241130142,0.0025815542707109,0.0026611661078503,0.002743233072385,0.0028278308773089,0.0029150375705078,0.0030049336067645,0.0030976019219847,0.0031931280097116,0.0032915999999999
0.93,,0.0010238597587274,0.0010554342862476,0.0010879825318767,0.0011215345238379,0.0011561212163863,0.0011917745183666,0.0012285273226518,0.0012664135364889,0.0013054681127812,0.0013457270823347,0.0013872275870998,0.0014300079144369,0.0014741075324398,0.001519567126348,0.0015664286360818,0.001614735294935,0.001664531669461,0.0017158637005889,0.0017687787460073,0.0018233256238554,0.0018795546577615,0.0019375177232705,0.0019972682957027,0.0020588614994889,0.0021223541590272,0.0021878048511074,0.0022552739589527,0.0023248237279279,0.0023965183229652,0.0024704238877616,0.0025466086058011,0.0026251427632593,0.0027060988138476,0.0027895514456576,0.002875577650066,0.0029642567927654,0.0030556706869851,0.0031499036689695,0.0032470426757856,0.0033471773255283,0.0034503999999999
0.94,,0.0010709815213306,0.0011040092238363,0.0011380554585119,0.0011731516355889,0.0012093301339501,0.0012466243310019,0.0012850686334671,0.0013246985091282,0.0013655505195484,0.0014076623538032,0.0014510728632508,0.0014958220973758,0.0015419513407378,0.0015895031510594,0.001638521398489,0.0016890513060745,0.0017411394914846,0.0017948340100178,0.0018501843989362,0.001907241723168,0.0019660586224185,0.0020266893597345,0.0020891898715657,0.0021536178193704,0.0022200326428127,0.0022884956146003,0.0023590698970126,0.0024318206001731,0.0025068148421186,0.0025841218107203,0.0026638128275149,0.0027459614135043,0.0028306433569844,0.0029179367834649,0.003007922227747,0.0031006827082219,0.0031963038034623,0.0032948737311746,0.0033964834295866,0.0035012266413449,0.0036092
0.95,,0.0011181032839337,0.001152584161425,0.0011881283851471,0.0012247687473398,0.0012625390515139,0.0013014741436371,0.0013416099442824,0.0013829834817674,0.0014256329263157,0.0014695976252717,0.0015149181394018,0.0015616362803148,0.0016097951490358,0.0016594391757707,0.0017106141608962,0.0017633673172139,0.0018177473135083,0.0018738043194467,0.0019315900518651,0.0019911578224806,0.0020525625870755,0.0021158609961985,0.0021811114474287,0.0022483741392518,0.0023177111265983,0.0023891863780932,0.0024628658350724,0.0025388174724184,0.002617111361272,0.002697819733679,0.0027810170492287,0.0028667800637494,0.0029551879001211,0.0030463221212723,0.003140266805428,0.0032371086236785,0.0033369369199396,0.0034398437933797,0.0035459241833875,0.0036552759571616,0.003768
0.96,,0.0011652250465369,0.0012011590990138,0.0012382013117823,0.0012763858590908,0.0013157479690777,0.0013563239562724,0.0013981512550977,0.0014412684544067,0.0014857153330829,0.0015315328967401,0.0015787634155528,0.0016274504632538,0.0016776389573338,0.0017293752004821,0.0017827069233034,0.0018376833283534,0.001894355135532,0.0019527746288756,0.002012995704794,0.0020750739217932,0.0021390665517326,0.0022050326326625,0.0022730330232916,0.0023431304591332,0.0024153896103838,0.0024898771415861,0.0025666617731323,0.0026458143446636,0.0027274078804254,0.0028115176566376,0.0028982212709425,0.0029875987139945,0.0030797324432578,0.0031747074590796,0.003272611383109,0.003373534539135,0.0034775700364169,0.0035848138555847,0.0036953649371884,0.0038093252729783,0.0039268
0.97,,0.00121234680914,0.0012497340366025,0.0012882742384175,0.0013280029708417,0.0013689568866415,0.0014111737689076,0.001454692565913,0.0014995534270459,0.0015457977398501,0.0015934681682086,0.0016426086917039,0.0016932646461927,0.0017454827656318,0.0017993112251935,0.0018547996857106,0.0019119993394929,0.0019709629575556,0.0020317449383045,0.0020944013577229,0.0021589900211058,0.0022255705163896,0.0022942042691265,0.0023649545991546,0.0024378867790146,0.0025130680941693,0.002590567905079,0.0026704577111921,0.0027528112169088,0.0028377043995788,0.0029252155795963,0.0030154254926562,0.0031084173642395,0.0032042769863946,0.0033030927968869,0.00340495596079,0.0035099604545915,0.0036182031528942,0.0037297839177898,0.0038448056909894,0.003963374588795,0.0040856
0.98,,0.0012594685717432,0.0012983089741912,0.0013383471650526,0.0013796200825927,0.0014221658042053,0.0014660235815428,0.0015112338767284,0.0015578383996852,0.0016058801466174,0.001655403439677,0.0017064539678549,0.0017590788291317,0.0018133265739298,0.0018692472499048,0.0019268924481178,0.0019863153506324,0.0020475707795793,0.0021107152477334,0.0021758070106519,0.0022429061204184,0.0023120744810466,0.0023833759055905,0.0024568761750176,0.002532643098896,0.0026107465779548,0.0026912586685719,0.002774253649252,0.0028598080891541,0.0029480009187322,0.0030389135025549,0.00313262971437,0.0032292360144846,0.0033288215295313,0.0034314781346943,0.003537300538471,0.003646386370048,0.0037588362693715,0.0038747539799949,0.0039942464447903,0.0041174239046117,0.0042444
0.99,,0.0013065903343463,0.0013468839117799,0.0013884200916878,0.0014312371943436,0.0014753747217691,0.0015208733941781,0.0015677751875437,0.0016161233723244,0.0016659625533846,0.0017173387111455,0.0017702992440059,0.0018248930120706,0.0018811703822279,0.0019391832746162,0.001998985210525,0.0020606313617719,0.0021241786016029,0.0021896855571624,0.0022572126635808,0.002326822219731,0.0023985784457036,0.0024725475420545,0.0025487977508805,0.0026273994187775,0.0027084250617403,0.0027919494320647,0.0028780495873118,0.0029668049613993,0.0030582974378856,0.0031526114255136,0.0032498339360838,0.0033500546647297,0.0034533660726681,0.0035598634725016,0.0036696451161519,0.0037828122855045,0.0038994693858488,0.0040197240421999,0.0041436871985913,0.0042714732204284,0.0044031999999999
1.0,,0.0013537120969495,0.0013954588493686,0.001438493018323,0.0014828543060946,0.0015285836393329,0.0015757232068133,0.001624316498359,0.0016744083449637,0.0017260449601518,0.0017792739826139,0.0018341445201569,0.0018907071950096,0.0019490141905259,0.0020091192993275,0.0020710779729322,0.0021349473729114,0.0022007864236266,0.0022686558665913,0.0023386183165097,0.0024107383190436,0.0024850824103606,0.0025617191785185,0.0026407193267435,0.0027221557386589,0.0028061035455258,0.0028926401955576,0.0029818455253716,0.0030738018336445,0.003168593957039,0.0032663093484723,0.0033670381577976,0.0034708733149747,0.0035779106158048,0.0036882488103089,0.0038019896938329,0.003919238200961,0.0040401025023261,0.004164694104405,0.0042931279523922,0.0044255225362451,0.004562
